[
{
  "model": "crud.category",
  "pk": 1,
  "fields": {
    "name": "和食",
    "created_at": "2025-12-12T03:46:28.351Z",
    "updated_at": "2025-12-12T03:46:28.351Z"
  }
},
{
  "model": "crud.category",
  "pk": 2,
  "fields": {
    "name": "洋食",
    "created_at": "2025-12-12T03:46:56.229Z",
    "updated_at": "2025-12-12T03:46:56.229Z"
  }
},
{
  "model": "crud.category",
  "pk": 3,
  "fields": {
    "name": "居酒屋",
    "created_at": "2025-12-12T03:47:00.592Z",
    "updated_at": "2025-12-12T03:47:00.592Z"
  }
},
{
  "model": "crud.category",
  "pk": 4,
  "fields": {
    "name": "中華料理",
    "created_at": "2025-12-12T03:47:04.373Z",
    "updated_at": "2025-12-12T03:47:04.373Z"
  }
},
{
  "model": "crud.category",
  "pk": 5,
  "fields": {
    "name": "ラーメン",
    "created_at": "2025-12-12T03:47:09.376Z",
    "updated_at": "2025-12-12T03:47:09.376Z"
  }
},
{
  "model": "crud.category",
  "pk": 6,
  "fields": {
    "name": "カフェ",
    "created_at": "2025-12-12T03:47:19.925Z",
    "updated_at": "2025-12-12T03:47:19.925Z"
  }
},
{
  "model": "crud.category",
  "pk": 7,
  "fields": {
    "name": "イタリアン",
    "created_at": "2025-12-12T03:47:31.611Z",
    "updated_at": "2025-12-12T03:47:31.611Z"
  }
},
{
  "model": "crud.category",
  "pk": 8,
  "fields": {
    "name": "焼肉",
    "created_at": "2025-12-12T03:47:35.965Z",
    "updated_at": "2025-12-12T03:47:35.965Z"
  }
},
{
  "model": "crud.category",
  "pk": 9,
  "fields": {
    "name": "寿司",
    "created_at": "2025-12-12T03:47:38.501Z",
    "updated_at": "2025-12-12T03:47:38.501Z"
  }
},
{
  "model": "crud.category",
  "pk": 10,
  "fields": {
    "name": "定食",
    "created_at": "2025-12-12T03:47:42.135Z",
    "updated_at": "2025-12-12T03:47:42.135Z"
  }
},
{
  "model": "crud.restaurant",
  "pk": 1,
  "fields": {
    "name": "熱田蓬莱亭",
    "image": "restaurant_images/熱田蓬莱亭.jpg",
    "description": "香ばしい鰻と秘伝のタレが自慢のひつまぶし専門店です。",
    "price_lower": 3000,
    "price_upper": 8000,
    "opening_time": "11:00~21:00",
    "closing_day": "水曜日",
    "address": "名古屋市熱田区神戸町 99-99",
    "phone_number": "052-999-0001",
    "category": 1,
    "created_at": "2025-12-12T03:51:33.370Z",
    "updated_at": "2025-12-12T04:55:59.467Z"
  }
},
{
  "model": "crud.restaurant",
  "pk": 2,
  "fields": {
    "name": "味噌カツ 矢場乃",
    "image": "restaurant_images/味噌カツ_矢場乃.jpg",
    "description": "濃厚な味噌ダレをたっぷりかけた、名古屋名物味噌カツの老舗。",
    "price_lower": 1000,
    "price_upper": 2000,
    "opening_time": "11:00~22:00",
    "closing_day": "なし",
    "address": "名古屋市中区大須 99-88",
    "phone_number": "052-999-0002",
    "category": 1,
    "created_at": "2025-12-12T03:52:30.057Z",
    "updated_at": "2025-12-12T04:55:49.450Z"
  }
},
{
  "model": "crud.restaurant",
  "pk": 3,
  "fields": {
    "name": "宇宙の山さん",
    "image": "restaurant_images/宇宙の山さん.jpg",
    "description": "スパイシーな幻の手羽先がビールに合う！活気あふれる居酒屋。",
    "price_lower": 2000,
    "price_upper": 4000,
    "opening_time": "17:00~24:00",
    "closing_day": "なし",
    "address": "名古屋市中区栄 99-77-1",
    "phone_number": "052-999-0003",
    "category": 3,
    "created_at": "2025-12-12T03:53:21.158Z",
    "updated_at": "2025-12-12T04:55:39.498Z"
  }
},
{
  "model": "crud.restaurant",
  "pk": 4,
  "fields": {
    "name": "風来坊主",
    "image": "restaurant_images/風来坊主.jpg",
    "description": "元祖手羽先唐揚げの店。甘辛いタレと胡椒の風味が絶品です。",
    "price_lower": 2000,
    "price_upper": 4000,
    "opening_time": "17:00~23:00",
    "closing_day": "月曜日",
    "address": "名古屋市中村区名駅 99-66",
    "phone_number": "052-999-0004",
    "category": 3,
    "created_at": "2025-12-12T03:54:43.693Z",
    "updated_at": "2025-12-12T04:55:27.321Z"
  }
},
{
  "model": "crud.restaurant",
  "pk": 5,
  "fields": {
    "name": "台湾料理 味仙人",
    "image": "restaurant_images/台湾料理_味仙人.jpg",
    "description": "激辛だけど止まらない！名古屋発祥「台湾ラーメン」の総本家。",
    "price_lower": 1000,
    "price_upper": 3000,
    "opening_time": "17:30~26:00",
    "closing_day": "なし",
    "address": "名古屋市千種区今池 99-55",
    "phone_number": "052-999-0005",
    "category": 4,
    "created_at": "2025-12-12T03:55:34.143Z",
    "updated_at": "2025-12-12T04:55:17.027Z"
  }
},
{
  "model": "crud.restaurant",
  "pk": 6,
  "fields": {
    "name": "スパゲッティ・ヨコヤマ",
    "image": "restaurant_images/スパゲッティヨコヤマ.jpg",
    "description": "ピリ辛ソースが特徴の「あんかけスパ」元祖のお店です",
    "price_lower": 800,
    "price_upper": 1500,
    "opening_time": "11:00~20:00",
    "closing_day": "日曜日",
    "address": "名古屋市中区錦 99-44-2",
    "phone_number": "052-999-0006",
    "category": 2,
    "created_at": "2025-12-12T03:56:59.912Z",
    "updated_at": "2025-12-12T04:55:05.836Z"
  }
},
{
  "model": "crud.restaurant",
  "pk": 7,
  "fields": {
    "name": "パスタハウス チャオチャオ",
    "image": "restaurant_images/パスタハウス_チャオチャオ.jpg",
    "description": "鉄板に乗ったアツアツのナポリタンとあんかけスパが人気。",
    "price_lower": 900,
    "price_upper": 1600,
    "opening_time": "11:00~21:00",
    "closing_day": "火曜日",
    "address": "名古屋市中村区椿町 99-33",
    "phone_number": "052-999-0007",
    "category": 2,
    "created_at": "2025-12-12T03:57:45.310Z",
    "updated_at": "2025-12-12T04:54:58.369Z"
  }
},
{
  "model": "crud.restaurant",
  "pk": 8,
  "fields": {
    "name": "コメット珈琲店",
    "image": "restaurant_images/コメット珈琲店.jpg",
    "description": "ゆったりくつろげる名古屋式モーニングと、名物デザートが楽しめます",
    "price_lower": 500,
    "price_upper": 1000,
    "opening_time": "07:00~23:00",
    "closing_day": "なし",
    "address": "名古屋市東区葵 99-22",
    "phone_number": "052-999-0008",
    "category": 6,
    "created_at": "2025-12-12T03:58:49.193Z",
    "updated_at": "2025-12-12T04:54:48.127Z"
  }
},
{
  "model": "crud.restaurant",
  "pk": 9,
  "fields": {
    "name": "喫茶コンパルソ",
    "image": "restaurant_images/喫茶コンパルソ.jpg",
    "description": "昭和レトロな雰囲気の中で味わう、本格的なエビフライサンドが有名。",
    "price_lower": 500,
    "price_upper": 1200,
    "opening_time": "08:00~19:00",
    "closing_day": "水曜日",
    "address": "名古屋市中区大須 99-11",
    "phone_number": "052-999-0009",
    "category": 6,
    "created_at": "2025-12-12T03:59:44.910Z",
    "updated_at": "2025-12-12T04:54:38.784Z"
  }
},
{
  "model": "crud.restaurant",
  "pk": 10,
  "fields": {
    "name": "山本屋総本店",
    "image": "restaurant_images/山本屋総本店.jpg",
    "description": "コシの強い極太麺と濃厚な味噌出汁。伝統の味噌煮込みうどん。",
    "price_lower": 1200,
    "price_upper": 2500,
    "opening_time": "12:00~21:00",
    "closing_day": "なし",
    "address": "名古屋市中村区名駅 99-10",
    "phone_number": "052-999-0010",
    "category": 1,
    "created_at": "2025-12-12T04:00:54.536Z",
    "updated_at": "2025-12-12T04:54:29.249Z"
  }
},
{
  "model": "crud.restaurant",
  "pk": 11,
  "fields": {
    "name": "宮殿きしめん",
    "image": "restaurant_images/宮殿きしめん.jpg",
    "description": "熱田神宮の杜で味わう、ツルツルとしたのどごしの本格きしめん。",
    "price_lower": 700,
    "price_upper": 1500,
    "opening_time": "10:00~17:00",
    "closing_day": "なし",
    "address": "名古屋市熱田区神宮 99-9",
    "phone_number": "052-999-0011",
    "category": 5,
    "created_at": "2025-12-12T04:01:53.977Z",
    "updated_at": "2025-12-12T04:54:19.693Z"
  }
},
{
  "model": "crud.restaurant",
  "pk": 12,
  "fields": {
    "name": "若鯱家うどん",
    "image": "restaurant_images/若鯱家うどん.jpg",
    "description": "とろみのある濃厚カレースープと極太麺が絡み合う名物カレーうどん。",
    "price_lower": 900,
    "price_upper": 1800,
    "opening_time": "11:00~22:00",
    "closing_day": "なし",
    "address": "名古屋市中区錦 99-8-5",
    "phone_number": "052-999-0012",
    "category": 5,
    "created_at": "2025-12-12T04:03:27.204Z",
    "updated_at": "2025-12-12T04:54:11.071Z"
  }
},
{
  "model": "crud.restaurant",
  "pk": 13,
  "fields": {
    "name": "スガキヤン　イロン武新店",
    "image": "restaurant_images/スガキヤン.jpg",
    "description": "名古屋人のソウルフード。特製豚骨スープとソフトクリームのセット。",
    "price_lower": 300,
    "price_upper": 800,
    "opening_time": "10:00~20:00",
    "closing_day": "施設に準ずる",
    "address": "名古屋市西区則武新町 99-7",
    "phone_number": "052-999-0013",
    "category": 5,
    "created_at": "2025-12-12T04:04:53.855Z",
    "updated_at": "2025-12-12T04:53:56.408Z"
  }
},
{
  "model": "crud.restaurant",
  "pk": 14,
  "fields": {
    "name": "天むす 千寿郎",
    "image": "restaurant_images/天むす_千寿郎.jpg",
    "description": "プリプリの海老天をふっくらご飯で握った、一口サイズの天むす。",
    "price_lower": 800,
    "price_upper": 1500,
    "opening_time": "09:00~18:00",
    "closing_day": "火曜日、水曜日",
    "address": "名古屋市中区大須 99-6",
    "phone_number": "052-999-0014",
    "category": 2,
    "created_at": "2025-12-12T04:05:54.654Z",
    "updated_at": "2025-12-12T04:51:39.181Z"
  }
},
{
  "model": "crud.restaurant",
  "pk": 15,
  "fields": {
    "name": "うなぎの井場処",
    "image": "restaurant_images/うなぎの井場処.jpg",
    "description": "カリッと香ばしい直焼き鰻。お茶漬けで楽しむひつまぶしも絶品。",
    "price_lower": 3500,
    "price_upper": 9000,
    "opening_time": "11:00~20:30",
    "closing_day": "日曜日",
    "address": "名古屋市中区錦 99-5",
    "phone_number": "052-999-0015",
    "category": 1,
    "created_at": "2025-12-12T04:06:53.664Z",
    "updated_at": "2025-12-12T04:51:18.372Z"
  }
},
{
  "model": "crud.restaurant",
  "pk": 16,
  "fields": {
    "name": "ステーキのあさくま山",
    "image": "restaurant_images/ステーキのあさくま山.jpg",
    "description": "ジューシーなハンバーグと充実したサラダバーが家族連れに人気。",
    "price_lower": 1500,
    "price_upper": 4000,
    "opening_time": "11:00~22:00",
    "closing_day": "なし",
    "address": "名古屋市天白区植田 99-4",
    "phone_number": "052-999-0016",
    "category": 2,
    "created_at": "2025-12-12T04:07:41.912Z",
    "updated_at": "2025-12-12T04:50:48.667Z"
  }
},
{
  "model": "crud.restaurant",
  "pk": 17,
  "fields": {
    "name": "焼肉 昇八",
    "image": "restaurant_images/焼肉_昇八.jpg",
    "description": "厳選された和牛を落ち着いた空間で楽しめる、大人の焼肉店。",
    "price_lower": 5000,
    "price_upper": 12000,
    "opening_time": "17:00~24:00",
    "closing_day": "月曜日",
    "address": "名古屋市中区正木 99-3",
    "phone_number": "052-999-0017",
    "category": 8,
    "created_at": "2025-12-12T04:08:34.279Z",
    "updated_at": "2025-12-12T04:50:30.051Z"
  }
},
{
  "model": "crud.restaurant",
  "pk": 18,
  "fields": {
    "name": "大須ベーカリー",
    "image": "restaurant_images/大須ベーカリー.jpg",
    "description": "大須商店街で人気の焼きたてパン。小倉トーストもテイクアウト可能。",
    "price_lower": 300,
    "price_upper": 1000,
    "opening_time": "11:30~22:00",
    "closing_day": "月曜日、火曜日",
    "address": "名古屋市中区大須 99-2",
    "phone_number": "052-999-0018",
    "category": 6,
    "created_at": "2025-12-12T04:09:38.622Z",
    "updated_at": "2025-12-12T04:50:15.663Z"
  }
},
{
  "model": "crud.restaurant",
  "pk": 19,
  "fields": {
    "name": "洋食屋マ・メゾン・ド・パリ",
    "image": "restaurant_images/洋食屋マメゾンドパリ.jpg",
    "description": "老舗洋食店のデミグラスソースハンバーグ。ワインと一緒にどうぞ。",
    "price_lower": 1500,
    "price_upper": 3500,
    "opening_time": "11:30~22:00",
    "closing_day": "なし",
    "address": "名古屋市千種区星が丘 99-1",
    "phone_number": "052-999-0019",
    "category": 2,
    "created_at": "2025-12-12T04:10:32.537Z",
    "updated_at": "2025-12-12T04:49:58.831Z"
  }
},
{
  "model": "crud.restaurant",
  "pk": 20,
  "fields": {
    "name": "寿司ざんまい名古屋別邸",
    "image": "restaurant_images/寿司ざんまい.jpg",
    "description": "柳橋中央市場から直送された新鮮なネタを、リーズナブルに提供します。",
    "price_lower": 2000,
    "price_upper": 6000,
    "opening_time": "24時間営業",
    "closing_day": "なし",
    "address": "名古屋市中村区名駅 99-0",
    "phone_number": "052-999-0020",
    "category": 9,
    "created_at": "2025-12-12T04:11:17.211Z",
    "updated_at": "2025-12-12T04:49:27.884Z"
  }
},
{
  "model": "crud.user",
  "pk": 1,
  "fields": {
    "password": "pbkdf2_sha256$600000$J1n4mbu6aUdO75BFkxPwQ4$0M78D1tW0acgVhXIbU4xm9KHzLlVchn5gN2rMYMhNqE=",
    "last_login": "2025-12-14T06:03:56.138Z",
    "is_superuser": true,
    "username": "admin",
    "first_name": "",
    "last_name": "",
    "email": "",
    "is_staff": true,
    "is_active": true,
    "date_joined": "2025-12-12T02:57:52.051Z",
    "is_paid": false,
    "stripe_customer_id": null,
    "groups": [],
    "user_permissions": []
  }
},
{
  "model": "crud.user",
  "pk": 2,
  "fields": {
    "password": "pbkdf2_sha256$600000$e7XXyVBQNVsCxMpe8oFimb$JMtOQ8rKljMM6h7aZ02stn9BgfFK6g/iKPePOtjzbKc=",
    "last_login": "2025-12-12T11:04:34.169Z",
    "is_superuser": false,
    "username": "taro",
    "first_name": "",
    "last_name": "",
    "email": "taro@example.com",
    "is_staff": false,
    "is_active": true,
    "date_joined": "2025-12-12T06:05:04Z",
    "is_paid": true,
    "stripe_customer_id": "cus_TafXnfQc7uRBJ3",
    "groups": [],
    "user_permissions": []
  }
},
{
  "model": "crud.user",
  "pk": 3,
  "fields": {
    "password": "pbkdf2_sha256$600000$kHFrRCp5sFQeaOKSMw1kDX$fWEfjUIQzuFYkWPo/a576jZQugqJSvejIFZA1OvcO64=",
    "last_login": null,
    "is_superuser": false,
    "username": "hanako",
    "first_name": "",
    "last_name": "",
    "email": "hanako@example.com",
    "is_staff": false,
    "is_active": true,
    "date_joined": "2025-12-12T06:05:05.302Z",
    "is_paid": false,
    "stripe_customer_id": null,
    "groups": [],
    "user_permissions": []
  }
},
{
  "model": "crud.user",
  "pk": 4,
  "fields": {
    "password": "pbkdf2_sha256$600000$SJvsfrL060OCDn6w6uKGDO$i6LdzZDCuLkdVf4J+l46ZC3f6i0QNx8gkfXZECfDuhs=",
    "last_login": null,
    "is_superuser": false,
    "username": "ichiro",
    "first_name": "",
    "last_name": "",
    "email": "ichiro@example.com",
    "is_staff": false,
    "is_active": true,
    "date_joined": "2025-12-12T06:05:05.854Z",
    "is_paid": false,
    "stripe_customer_id": null,
    "groups": [],
    "user_permissions": []
  }
},
{
  "model": "crud.user",
  "pk": 5,
  "fields": {
    "password": "pbkdf2_sha256$600000$gwT6ZNBNXS1FyfSmPQU4is$Wwr31mRMHixjwU+Q2YANNoW9R2+w3RnAx+N+RiA38TE=",
    "last_login": null,
    "is_superuser": false,
    "username": "jiro",
    "first_name": "",
    "last_name": "",
    "email": "jiro@example.com",
    "is_staff": false,
    "is_active": true,
    "date_joined": "2025-12-12T06:05:06.382Z",
    "is_paid": false,
    "stripe_customer_id": null,
    "groups": [],
    "user_permissions": []
  }
},
{
  "model": "crud.user",
  "pk": 6,
  "fields": {
    "password": "pbkdf2_sha256$600000$zqgoCADTIWLws2FRKgW6S5$PrFJQ3EYLBdu0DLw07ISzm+NYl0dGlJbVhcWgnFL6g4=",
    "last_login": null,
    "is_superuser": false,
    "username": "saburo",
    "first_name": "",
    "last_name": "",
    "email": "saburo@example.com",
    "is_staff": false,
    "is_active": true,
    "date_joined": "2025-12-12T06:05:06.896Z",
    "is_paid": false,
    "stripe_customer_id": null,
    "groups": [],
    "user_permissions": []
  }
},
{
  "model": "crud.review",
  "pk": 1,
  "fields": {
    "restaurant": 1,
    "user": 6,
    "score": 5,
    "comment": "味は最高でしたが、少し混んでいました。",
    "created_at": "2025-12-12T06:19:09.300Z",
    "updated_at": "2025-12-12T06:19:09.301Z"
  }
},
{
  "model": "crud.review",
  "pk": 2,
  "fields": {
    "restaurant": 1,
    "user": 5,
    "score": 5,
    "comment": "雰囲気が良く、落ち着いて食事ができました。",
    "created_at": "2025-12-12T06:19:09.304Z",
    "updated_at": "2025-12-12T06:19:09.304Z"
  }
},
{
  "model": "crud.review",
  "pk": 3,
  "fields": {
    "restaurant": 2,
    "user": 4,
    "score": 3,
    "comment": "雰囲気が良く、落ち着いて食事ができました。",
    "created_at": "2025-12-12T06:19:09.310Z",
    "updated_at": "2025-12-12T06:19:09.310Z"
  }
},
{
  "model": "crud.review",
  "pk": 4,
  "fields": {
    "restaurant": 2,
    "user": 2,
    "score": 3,
    "comment": "デートでの利用にぴったりなお店です。",
    "created_at": "2025-12-12T06:19:09.313Z",
    "updated_at": "2025-12-12T06:19:09.313Z"
  }
},
{
  "model": "crud.review",
  "pk": 5,
  "fields": {
    "restaurant": 3,
    "user": 4,
    "score": 4,
    "comment": "家族連れでも安心して利用できました。",
    "created_at": "2025-12-12T06:19:09.316Z",
    "updated_at": "2025-12-12T06:19:09.316Z"
  }
},
{
  "model": "crud.review",
  "pk": 6,
  "fields": {
    "restaurant": 3,
    "user": 5,
    "score": 4,
    "comment": "期待以上の味でした。特におすすめメニューが絶品！",
    "created_at": "2025-12-12T06:19:09.318Z",
    "updated_at": "2025-12-12T06:19:09.318Z"
  }
},
{
  "model": "crud.review",
  "pk": 7,
  "fields": {
    "restaurant": 4,
    "user": 3,
    "score": 3,
    "comment": "期待以上の味でした。特におすすめメニューが絶品！",
    "created_at": "2025-12-12T06:19:09.322Z",
    "updated_at": "2025-12-12T06:19:09.322Z"
  }
},
{
  "model": "crud.review",
  "pk": 8,
  "fields": {
    "restaurant": 4,
    "user": 5,
    "score": 5,
    "comment": "雰囲気が良く、落ち着いて食事ができました。",
    "created_at": "2025-12-12T06:19:09.325Z",
    "updated_at": "2025-12-12T06:19:09.325Z"
  }
},
{
  "model": "crud.review",
  "pk": 9,
  "fields": {
    "restaurant": 4,
    "user": 4,
    "score": 5,
    "comment": "とても美味しかったです！また来たいと思います。",
    "created_at": "2025-12-12T06:19:09.328Z",
    "updated_at": "2025-12-12T06:19:09.328Z"
  }
},
{
  "model": "crud.review",
  "pk": 10,
  "fields": {
    "restaurant": 5,
    "user": 4,
    "score": 4,
    "comment": "雰囲気が良く、落ち着いて食事ができました。",
    "created_at": "2025-12-12T06:19:09.330Z",
    "updated_at": "2025-12-12T06:19:09.330Z"
  }
},
{
  "model": "crud.review",
  "pk": 11,
  "fields": {
    "restaurant": 5,
    "user": 3,
    "score": 5,
    "comment": "コスパ最高！この値段でこの味は驚きです。",
    "created_at": "2025-12-12T06:19:09.332Z",
    "updated_at": "2025-12-12T06:19:09.332Z"
  }
},
{
  "model": "crud.review",
  "pk": 12,
  "fields": {
    "restaurant": 6,
    "user": 4,
    "score": 5,
    "comment": "とても美味しかったです！また来たいと思います。",
    "created_at": "2025-12-12T06:19:09.335Z",
    "updated_at": "2025-12-12T06:19:09.335Z"
  }
},
{
  "model": "crud.review",
  "pk": 13,
  "fields": {
    "restaurant": 6,
    "user": 3,
    "score": 4,
    "comment": "とても美味しかったです！また来たいと思います。",
    "created_at": "2025-12-12T06:19:09.337Z",
    "updated_at": "2025-12-12T06:19:09.337Z"
  }
},
{
  "model": "crud.review",
  "pk": 14,
  "fields": {
    "restaurant": 6,
    "user": 2,
    "score": 4,
    "comment": "家族連れでも安心して利用できました。",
    "created_at": "2025-12-12T06:19:09.340Z",
    "updated_at": "2025-12-12T06:19:09.340Z"
  }
},
{
  "model": "crud.review",
  "pk": 15,
  "fields": {
    "restaurant": 7,
    "user": 6,
    "score": 5,
    "comment": "店員さんの対応が丁寧で素晴らしかったです。",
    "created_at": "2025-12-12T06:19:09.343Z",
    "updated_at": "2025-12-12T06:19:09.343Z"
  }
},
{
  "model": "crud.review",
  "pk": 16,
  "fields": {
    "restaurant": 7,
    "user": 4,
    "score": 4,
    "comment": "ランチ利用でしたが、ボリューム満点で大満足です。",
    "created_at": "2025-12-12T06:19:09.345Z",
    "updated_at": "2025-12-12T06:19:09.345Z"
  }
},
{
  "model": "crud.review",
  "pk": 17,
  "fields": {
    "restaurant": 7,
    "user": 5,
    "score": 5,
    "comment": "期待以上の味でした。特におすすめメニューが絶品！",
    "created_at": "2025-12-12T06:19:09.348Z",
    "updated_at": "2025-12-12T06:19:09.348Z"
  }
},
{
  "model": "crud.review",
  "pk": 18,
  "fields": {
    "restaurant": 8,
    "user": 2,
    "score": 5,
    "comment": "期待以上の味でした。特におすすめメニューが絶品！",
    "created_at": "2025-12-12T06:19:09.349Z",
    "updated_at": "2025-12-12T06:19:09.349Z"
  }
},
{
  "model": "crud.review",
  "pk": 19,
  "fields": {
    "restaurant": 8,
    "user": 5,
    "score": 4,
    "comment": "静かな空間で、ゆっくり過ごせました。",
    "created_at": "2025-12-12T06:19:09.351Z",
    "updated_at": "2025-12-12T06:19:09.351Z"
  }
},
{
  "model": "crud.review",
  "pk": 20,
  "fields": {
    "restaurant": 8,
    "user": 6,
    "score": 4,
    "comment": "デートでの利用にぴったりなお店です。",
    "created_at": "2025-12-12T06:19:09.354Z",
    "updated_at": "2025-12-12T06:19:09.354Z"
  }
},
{
  "model": "crud.review",
  "pk": 21,
  "fields": {
    "restaurant": 9,
    "user": 5,
    "score": 4,
    "comment": "味は最高でしたが、少し混んでいました。",
    "created_at": "2025-12-12T06:19:09.357Z",
    "updated_at": "2025-12-12T06:19:09.357Z"
  }
},
{
  "model": "crud.review",
  "pk": 22,
  "fields": {
    "restaurant": 9,
    "user": 2,
    "score": 3,
    "comment": "雰囲気が良く、落ち着いて食事ができました。",
    "created_at": "2025-12-12T06:19:09.359Z",
    "updated_at": "2025-12-12T06:19:09.359Z"
  }
},
{
  "model": "crud.review",
  "pk": 23,
  "fields": {
    "restaurant": 9,
    "user": 3,
    "score": 4,
    "comment": "ランチ利用でしたが、ボリューム満点で大満足です。",
    "created_at": "2025-12-12T06:19:09.362Z",
    "updated_at": "2025-12-12T06:19:09.362Z"
  }
},
{
  "model": "crud.review",
  "pk": 24,
  "fields": {
    "restaurant": 10,
    "user": 6,
    "score": 3,
    "comment": "期待以上の味でした。特におすすめメニューが絶品！",
    "created_at": "2025-12-12T06:19:09.365Z",
    "updated_at": "2025-12-12T06:19:09.365Z"
  }
},
{
  "model": "crud.review",
  "pk": 25,
  "fields": {
    "restaurant": 10,
    "user": 2,
    "score": 5,
    "comment": "家族連れでも安心して利用できました。",
    "created_at": "2025-12-12T06:19:09.367Z",
    "updated_at": "2025-12-12T06:19:09.367Z"
  }
},
{
  "model": "crud.review",
  "pk": 26,
  "fields": {
    "restaurant": 10,
    "user": 4,
    "score": 3,
    "comment": "味は最高でしたが、少し混んでいました。",
    "created_at": "2025-12-12T06:19:09.370Z",
    "updated_at": "2025-12-12T06:19:09.370Z"
  }
},
{
  "model": "crud.review",
  "pk": 27,
  "fields": {
    "restaurant": 11,
    "user": 5,
    "score": 3,
    "comment": "コスパ最高！この値段でこの味は驚きです。",
    "created_at": "2025-12-12T06:19:09.373Z",
    "updated_at": "2025-12-12T06:19:09.373Z"
  }
},
{
  "model": "crud.review",
  "pk": 28,
  "fields": {
    "restaurant": 11,
    "user": 6,
    "score": 5,
    "comment": "家族連れでも安心して利用できました。",
    "created_at": "2025-12-12T06:19:09.376Z",
    "updated_at": "2025-12-12T06:19:09.376Z"
  }
},
{
  "model": "crud.review",
  "pk": 29,
  "fields": {
    "restaurant": 12,
    "user": 5,
    "score": 3,
    "comment": "味は最高でしたが、少し混んでいました。",
    "created_at": "2025-12-12T06:19:09.378Z",
    "updated_at": "2025-12-12T06:19:09.378Z"
  }
},
{
  "model": "crud.review",
  "pk": 30,
  "fields": {
    "restaurant": 12,
    "user": 4,
    "score": 4,
    "comment": "コスパ最高！この値段でこの味は驚きです。",
    "created_at": "2025-12-12T06:19:09.380Z",
    "updated_at": "2025-12-12T06:19:09.380Z"
  }
},
{
  "model": "crud.review",
  "pk": 31,
  "fields": {
    "restaurant": 13,
    "user": 5,
    "score": 3,
    "comment": "ランチ利用でしたが、ボリューム満点で大満足です。",
    "created_at": "2025-12-12T06:19:09.383Z",
    "updated_at": "2025-12-12T06:19:09.383Z"
  }
},
{
  "model": "crud.review",
  "pk": 32,
  "fields": {
    "restaurant": 13,
    "user": 6,
    "score": 4,
    "comment": "店員さんの対応が丁寧で素晴らしかったです。",
    "created_at": "2025-12-12T06:19:09.385Z",
    "updated_at": "2025-12-12T06:19:09.385Z"
  }
},
{
  "model": "crud.review",
  "pk": 33,
  "fields": {
    "restaurant": 14,
    "user": 3,
    "score": 3,
    "comment": "コスパ最高！この値段でこの味は驚きです。",
    "created_at": "2025-12-12T06:19:09.387Z",
    "updated_at": "2025-12-12T06:19:09.387Z"
  }
},
{
  "model": "crud.review",
  "pk": 34,
  "fields": {
    "restaurant": 14,
    "user": 4,
    "score": 5,
    "comment": "家族連れでも安心して利用できました。",
    "created_at": "2025-12-12T06:19:09.390Z",
    "updated_at": "2025-12-12T06:19:09.390Z"
  }
},
{
  "model": "crud.review",
  "pk": 35,
  "fields": {
    "restaurant": 15,
    "user": 3,
    "score": 4,
    "comment": "ランチ利用でしたが、ボリューム満点で大満足です。",
    "created_at": "2025-12-12T06:19:09.392Z",
    "updated_at": "2025-12-12T06:19:09.392Z"
  }
},
{
  "model": "crud.review",
  "pk": 36,
  "fields": {
    "restaurant": 15,
    "user": 6,
    "score": 4,
    "comment": "家族連れでも安心して利用できました。",
    "created_at": "2025-12-12T06:19:09.395Z",
    "updated_at": "2025-12-12T06:19:09.395Z"
  }
},
{
  "model": "crud.review",
  "pk": 37,
  "fields": {
    "restaurant": 16,
    "user": 6,
    "score": 5,
    "comment": "家族連れでも安心して利用できました。",
    "created_at": "2025-12-12T06:19:09.396Z",
    "updated_at": "2025-12-12T06:19:09.396Z"
  }
},
{
  "model": "crud.review",
  "pk": 38,
  "fields": {
    "restaurant": 16,
    "user": 3,
    "score": 5,
    "comment": "デートでの利用にぴったりなお店です。",
    "created_at": "2025-12-12T06:19:09.398Z",
    "updated_at": "2025-12-12T06:19:09.398Z"
  }
},
{
  "model": "crud.review",
  "pk": 39,
  "fields": {
    "restaurant": 16,
    "user": 5,
    "score": 3,
    "comment": "静かな空間で、ゆっくり過ごせました。",
    "created_at": "2025-12-12T06:19:09.401Z",
    "updated_at": "2025-12-12T06:19:09.401Z"
  }
},
{
  "model": "crud.review",
  "pk": 40,
  "fields": {
    "restaurant": 17,
    "user": 6,
    "score": 5,
    "comment": "雰囲気が良く、落ち着いて食事ができました。",
    "created_at": "2025-12-12T06:19:09.403Z",
    "updated_at": "2025-12-12T06:19:09.403Z"
  }
},
{
  "model": "crud.review",
  "pk": 41,
  "fields": {
    "restaurant": 17,
    "user": 4,
    "score": 5,
    "comment": "家族連れでも安心して利用できました。",
    "created_at": "2025-12-12T06:19:09.406Z",
    "updated_at": "2025-12-12T06:19:09.406Z"
  }
},
{
  "model": "crud.review",
  "pk": 42,
  "fields": {
    "restaurant": 17,
    "user": 5,
    "score": 3,
    "comment": "店員さんの対応が丁寧で素晴らしかったです。",
    "created_at": "2025-12-12T06:19:09.408Z",
    "updated_at": "2025-12-12T06:19:09.408Z"
  }
},
{
  "model": "crud.review",
  "pk": 43,
  "fields": {
    "restaurant": 18,
    "user": 2,
    "score": 4,
    "comment": "期待以上の味でした。特におすすめメニューが絶品！",
    "created_at": "2025-12-12T06:19:09.411Z",
    "updated_at": "2025-12-12T06:19:09.411Z"
  }
},
{
  "model": "crud.review",
  "pk": 44,
  "fields": {
    "restaurant": 18,
    "user": 3,
    "score": 4,
    "comment": "静かな空間で、ゆっくり過ごせました。",
    "created_at": "2025-12-12T06:19:09.412Z",
    "updated_at": "2025-12-12T06:19:09.412Z"
  }
},
{
  "model": "crud.review",
  "pk": 45,
  "fields": {
    "restaurant": 18,
    "user": 6,
    "score": 3,
    "comment": "店員さんの対応が丁寧で素晴らしかったです。",
    "created_at": "2025-12-12T06:19:09.415Z",
    "updated_at": "2025-12-12T06:19:09.415Z"
  }
},
{
  "model": "crud.review",
  "pk": 46,
  "fields": {
    "restaurant": 19,
    "user": 6,
    "score": 3,
    "comment": "コスパ最高！この値段でこの味は驚きです。",
    "created_at": "2025-12-12T06:19:09.416Z",
    "updated_at": "2025-12-12T06:19:09.417Z"
  }
},
{
  "model": "crud.review",
  "pk": 47,
  "fields": {
    "restaurant": 19,
    "user": 4,
    "score": 3,
    "comment": "雰囲気が良く、落ち着いて食事ができました。",
    "created_at": "2025-12-12T06:19:09.418Z",
    "updated_at": "2025-12-12T06:19:09.418Z"
  }
},
{
  "model": "crud.review",
  "pk": 48,
  "fields": {
    "restaurant": 19,
    "user": 3,
    "score": 5,
    "comment": "期待以上の味でした。特におすすめメニューが絶品！",
    "created_at": "2025-12-12T06:19:09.422Z",
    "updated_at": "2025-12-12T06:19:09.422Z"
  }
},
{
  "model": "crud.review",
  "pk": 49,
  "fields": {
    "restaurant": 20,
    "user": 3,
    "score": 5,
    "comment": "店員さんの対応が丁寧で素晴らしかったです。",
    "created_at": "2025-12-12T06:19:09.428Z",
    "updated_at": "2025-12-12T06:19:09.428Z"
  }
},
{
  "model": "crud.review",
  "pk": 50,
  "fields": {
    "restaurant": 20,
    "user": 5,
    "score": 5,
    "comment": "期待以上の味でした。特におすすめメニューが絶品！",
    "created_at": "2025-12-12T06:19:09.431Z",
    "updated_at": "2025-12-12T06:19:09.431Z"
  }
},
{
  "model": "crud.review",
  "pk": 51,
  "fields": {
    "restaurant": 20,
    "user": 4,
    "score": 3,
    "comment": "味は最高でしたが、少し混んでいました。",
    "created_at": "2025-12-12T06:19:09.433Z",
    "updated_at": "2025-12-12T06:19:09.433Z"
  }
},
{
  "model": "crud.reservation",
  "pk": 1,
  "fields": {
    "restaurant": 15,
    "user": 2,
    "reservation_date": "2025-11-25T18:00:00Z",
    "number_of_people": 3,
    "created_at": "2025-12-12T06:30:23.912Z",
    "updated_at": "2025-12-12T06:30:23.912Z"
  }
},
{
  "model": "crud.reservation",
  "pk": 2,
  "fields": {
    "restaurant": 3,
    "user": 3,
    "reservation_date": "2025-12-25T19:00:00Z",
    "number_of_people": 2,
    "created_at": "2025-12-12T06:30:23.915Z",
    "updated_at": "2025-12-12T06:30:23.915Z"
  }
},
{
  "model": "crud.reservation",
  "pk": 3,
  "fields": {
    "restaurant": 14,
    "user": 3,
    "reservation_date": "2025-11-21T17:00:00Z",
    "number_of_people": 2,
    "created_at": "2025-12-12T06:30:23.917Z",
    "updated_at": "2025-12-12T06:30:23.917Z"
  }
},
{
  "model": "crud.reservation",
  "pk": 4,
  "fields": {
    "restaurant": 16,
    "user": 3,
    "reservation_date": "2025-11-18T19:00:00Z",
    "number_of_people": 3,
    "created_at": "2025-12-12T06:30:23.920Z",
    "updated_at": "2025-12-12T06:30:23.920Z"
  }
},
{
  "model": "crud.reservation",
  "pk": 5,
  "fields": {
    "restaurant": 11,
    "user": 4,
    "reservation_date": "2025-12-16T17:00:00Z",
    "number_of_people": 3,
    "created_at": "2025-12-12T06:30:23.921Z",
    "updated_at": "2025-12-12T06:30:23.921Z"
  }
},
{
  "model": "crud.reservation",
  "pk": 6,
  "fields": {
    "restaurant": 11,
    "user": 5,
    "reservation_date": "2025-12-10T19:00:00Z",
    "number_of_people": 4,
    "created_at": "2025-12-12T06:30:23.923Z",
    "updated_at": "2025-12-12T06:30:23.923Z"
  }
},
{
  "model": "crud.reservation",
  "pk": 7,
  "fields": {
    "restaurant": 3,
    "user": 6,
    "reservation_date": "2025-12-12T17:00:00Z",
    "number_of_people": 4,
    "created_at": "2025-12-12T06:30:23.925Z",
    "updated_at": "2025-12-12T06:30:23.925Z"
  }
},
{
  "model": "crud.reservation",
  "pk": 8,
  "fields": {
    "restaurant": 16,
    "user": 6,
    "reservation_date": "2025-11-19T19:00:00Z",
    "number_of_people": 2,
    "created_at": "2025-12-12T06:30:23.927Z",
    "updated_at": "2025-12-12T06:30:23.927Z"
  }
}
]
